{"cameraMode":{"drawMode":0,"name":"Shaded","section":"Shading Mode"},"sceneLighting":false,"audioPlay":false,"sceneViewState":{"m_AlwaysRefresh":false,"showFog":true,"showSkybox":false,"showFlares":true,"showImageEffects":true,"showParticleSystems":true,"showVisualEffectGraphs":true,"m_FxEnabled":true},"in2DMode":false,"pivot":{"x":-0.10099983215332031,"y":-0.5289998054504395,"z":-0.3990001678466797},"rotation":{"x":-0.03873978927731514,"y":0.9478756189346314,"z":-0.12671788036823274,"w":-0.2897929847240448},"size":12.12435531616211,"orthographic":false}